{
  "version": 1,
  "previewSizeM": 10,
  "bedFx": 0.6579343913313207,
  "bedFz": 0.8282770320741801,
  "bedDy": 0,
  "wardrobeFx": 0.054358494181704235,
  "wardrobeFz": 0.8788117264938058,
  "footFx": 0.5165861547543446,
  "footFz": 0.8230760377942364,
  "wardrobeDy": 0,
  "footDy": 0,
  "bedYawRad": -1.5707963267948966,
  "wardrobeYawRad": 0,
  "footYawRad": -1.5707963267948966
}
