{
  "version": 1,
  "previewSizeM": 10,
  "bedFx": 0.8622128943209614,
  "bedFz": 0.9120544175669615,
  "bedDy": 0,
  "wardrobeFx": 0.06436735330704657,
  "wardrobeFz": 0.9413596349225515,
  "footFx": 0.6924616781835501,
  "footFz": 0.9085345655031289,
  "furnitureFloorDy": 0,
  "yawRad": -0.008659867564331968
}
