{
  "version": 1,
  "previewSizeM": 10,
  "bedFx": 0.6579343913313207,
  "bedFz": 0.8282770320741801,
  "bedDy": 0,
  "wardrobeFx": 0.05394878699934818,
  "wardrobeFz": 0.8800128106343157,
  "footFx": 0.5165861547543446,
  "footFz": 0.8272803162047192,
  "wardrobeDy": 0,
  "footDy": 0,
  "bedYawRad": -1.5707963267948966,
  "wardrobeYawRad": 0,
  "footYawRad": -1.5707963267948966
}
