{
  "id": "default_elevator_cab",
  "version": 1,
  "displayName": "Default elevator cab",
  "materials": {
    "wall": {
      "colorHex": "0x6a6f78",
      "roughness": 0.72,
      "metalness": 0.08
    },
    "floor": {
      "colorHex": "0x4d5258",
      "roughness": 0.85,
      "metalness": 0.04
    },
    "door": {
      "colorHex": "0x8a929e",
      "roughness": 0.45,
      "metalness": 0.35
    },
    "ceiling": {
      "colorHex": "0x6a6f78",
      "roughness": 0.72,
      "metalness": 0.08
    }
  },
  "partTransforms": {
    "cab_floor": {
      "position": [
        0,
        0.12234467217631859,
        0
      ],
      "scale": [
        1,
        1,
        1
      ],
      "rotation": [
        0,
        0,
        0,
        1
      ]
    },
    "cab_wall_front_s": {
      "position": [
        0.9799999999999998,
        1.4789473684210526,
        -1.3225565918465763
      ],
      "scale": [
        1,
        1,
        1
      ],
      "rotation": [
        0,
        0,
        0,
        1
      ]
    },
    "cab_wall_front_n": {
      "position": [
        0.9799999999999998,
        1.4789473684210526,
        1.3170194089195066
      ],
      "scale": [
        1,
        1,
        1
      ],
      "rotation": [
        0,
        0,
        0,
        1
      ]
    }
  }
}
