{
  "id": "default_stair_well",
  "version": 1,
  "materials": {
    "wall": {
      "mapUrl": "/static/materials/stairwell/slavic-two-tone-wall.svg"
    },
    "floor": {
      "mapUrl": "/static/materials/stairwell/mammoth-worn-stair-landing.svg"
    },
    "tread": {
      "mapUrl": "/static/materials/stairwell/mammoth-worn-stair-tread.svg"
    },
    "landing": {
      "mapUrl": "/static/materials/stairwell/mammoth-worn-stair-landing.svg"
    }
  },
  "partTransforms": {
    "stair_flight_lower": {
      "position": [
        0,
        0,
        0
      ],
      "scale": [
        1,
        1,
        1
      ],
      "rotation": [
        0,
        0,
        0,
        1
      ]
    },
    "stair_flight_upper": {
      "position": [
        0,
        0.07008461184940695,
        -0.2065832999779431
      ],
      "scale": [
        1,
        1,
        1
      ],
      "rotation": [
        0,
        0,
        0,
        1
      ]
    },
    "stair_landing_lower": {
      "position": [
        -0.023367590932450222,
        -0.3314765087156648,
        -0.10090178797032667
      ],
      "scale": [
        1.1960735330618584,
        1,
        0.9788465435823691
      ],
      "rotation": [
        0,
        0,
        0,
        1
      ]
    },
    "stair_landing_upper": {
      "position": [
        -0.00302207789328798,
        0,
        0
      ],
      "scale": [
        1.1372633330550466,
        1,
        1
      ],
      "rotation": [
        0,
        0,
        0,
        1
      ]
    },
    "shaft_wall": {
      "position": [
        0,
        0.13661740557757768,
        0
      ],
      "scale": [
        1,
        1.0930036055704067,
        1
      ],
      "rotation": [
        0,
        0,
        0,
        1
      ]
    }
  },
  "groundPartTransforms": {
    "stair_landing_upper": {
      "position": [
        -0.010005206712217218,
        0,
        0
      ],
      "scale": [
        1.1624480636738788,
        1,
        1
      ],
      "rotation": [
        0,
        0,
        0,
        1
      ]
    },
    "shaft_wall": {
      "position": [
        0,
        0.11227418154987646,
        0
      ],
      "scale": [
        1,
        1.076431725148931,
        1
      ],
      "rotation": [
        0,
        0,
        0,
        1
      ]
    }
  },
  "entryOpening": {
    "face": "w",
    "tangentOffsetAlongWallM": -5.177351451279119,
    "widthM": 2.469149911172827,
    "heightM": 2.6678947368421055,
    "centerYM": -0.06499999999999995
  },
  "groundEntryOpening": {
    "face": "w",
    "tangentOffsetAlongWallM": -1.894676484676825,
    "widthM": 1.86,
    "heightM": 2.2,
    "centerYM": -0.3189473684210524
  },
  "secondaryEntryOpening": {
    "face": "s",
    "tangentOffsetAlongWallM": -0.10286764149329519,
    "widthM": 2.469149911172827,
    "heightM": 2.6678947368421055,
    "centerYM": -0.06499999999999995
  }
}
